{
    "meta": {
        "component": "blocks/content/user-context/UserContext01",
        "section": "contact/contact-info"
    },
    "data": {
        "title": "Nous Contacter",
        "subtitle": "Plusieurs façons de nous joindre",
        "contexts": [
            {
                "type": "improvement",
                "heading": "Email",
                "situations": [
                    "Contactez-nous à contact@yacms.com",
                    "Réponse sous 24h garantie",
                    "Pour toute question ou demande d'information"
                ]
            },
            {
                "type": "improvement",
                "heading": "GitHub",
                "situations": [
                    "Consultez notre repository GitHub",
                    "Signalez des bugs ou proposez des améliorations",
                    "Contribuez au projet open source"
                ]
            },
            {
                "type": "improvement",
                "heading": "Documentation",
                "situations": [
                    "Documentation complète disponible",
                    "Réponses aux questions techniques",
                    "Guides détaillés et exemples"
                ]
            }
        ]
    }
}