{
    "meta": {
        "component": "blocks/layout/hero/EditorialHero",
        "section": "contact/hero"
    },
    "data": {
        "label": "Contact",
        "title": "Parlons de Votre Projet",
        "subtitle": "Des questions ? Une idée ? Nous sommes là pour vous",
        "cta": {
            "primary": {
                "text": "Envoyer un message",
                "link": "#contact-form"
            }
        },
        "features": [
            "Réponse sous 24h garantie",
            "Support technique disponible",
            "Accompagnement personnalisé"
        ]
    }
}