{
    "meta": {
        "title": "Contact - YACMS",
        "description": "Contactez-nous pour toute question ou demande d'information sur YACMS. Notre équipe est là pour vous aider.",
        "keywords": [
            "contact",
            "support",
            "aide",
            "information",
            "yacms"
        ],
        "author": "zestones",
        "canonical": "https://zestones.github.io/yacms-client-template/contact",
        "locale": "fr_FR",
        "robots": "index, follow",
        "og": {
            "type": "website",
            "image": "/images/og-contact.jpg",
            "imageAlt": "Contactez YACMS"
        }
    },
    "theme": "template-default",
    "blocks": [
        "../_shared/navigation.json",
        "./hero.json",
        "./contact-info.json",
        "./faq.json",
        "../_shared/footer.json"
    ]
}