{
  "meta": {
    "component": "blocks/layout/footer/FooterColumns",
    "section": "_shared/footer"
  },
  "data": {
    "brand": {
      "name": "Thermosolis",
      "logo": "/logos/logo-dark.png",
      "tagline": "Artisan expert en chauffage, climatisation et énergies renouvelables. Plus de 20 ans d'expérience à votre service.",
      "alt": "Thermosolis"
    },
    "contact": {
      "address": "15 rue Patroa\n42100 Saint-Étienne",
      "phone": "06 60 59 98 35",
      "email": "contact@thermosolis.fr",
      "hours": "Lun-Ven : 8h-18h\nSam : 9h-12h"
    },
    "linkGroups": [
      {
        "title": "Services",
        "links": [
          {
            "text": "Chauffage",
            "href": "/services/chauffage"
          },
          {
            "text": "Climatisation",
            "href": "/services/climatisation"
          },
          {
            "text": "Ventilation",
            "href": "/services/ventilation"
          },
          {
            "text": "Panneaux solaires",
            "href": "/services/solaire"
          },
          {
            "text": "Pompe à chaleur",
            "href": "/services/pompe-a-chaleur"
          }
        ]
      },
      {
        "title": "Entreprise",
        "links": [
          {
            "text": "À propos",
            "href": "/a-propos"
          },
          {
            "text": "Nos réalisations",
            "href": "/realisations"
          },
          {
            "text": "Témoignages",
            "href": "/temoignages"
          }
        ]
      },
      {
        "title": "Informations",
        "links": [
          {
            "text": "Aides et subventions",
            "href": "/aides"
          },
          {
            "text": "FAQ",
            "href": "/faq"
          },
          {
            "text": "Contact",
            "href": "/contact"
          }
        ]
      }
    ],
    "socialLinks": [],
    "certifications": [
      {
        "src": "/logos/rge.png",
        "alt": "RGE"
      },
      {
        "src": "/logos/qualibat.avif",
        "alt": "Qualibat"
      },
      {
        "src": "/logos/qualipac.png",
        "alt": "QualiPAC"
      },
      {
        "src": "/logos/qualisol.png",
        "alt": "Qualisol"
      }
    ],
    "legal": {
      "copyright": "Tous droits réservés.",
      "links": [
        {
          "text": "Mentions légales",
          "href": "/mentions-legales"
        },
        {
          "text": "Politique de confidentialité",
          "href": "/confidentialite"
        },
        {
          "text": "CGV",
          "href": "/cgv"
        }
      ]
    }
  }
}