{
  "meta": {
    "component": "blocks/footer/PrimaryFooter",
    "section": "home/footer"
  },
  "data": {
    "company": {
      "name": "Votre Entreprise",
      "tagline": "Une présence professionnelle en ligne, simplement."
    },
    "contact": {
      "phone": "+33 1 00 00 00 00",
      "email": "contact@example.com",
      "address": "Adresse de votre entreprise, France"
    },
    "social": [
      {
        "icon": "facebook",
        "link": "https://facebook.com",
        "label": "Facebook"
      },
      {
        "icon": "instagram",
        "link": "https://instagram.com",
        "label": "Instagram"
      },
      {
        "icon": "linkedin",
        "link": "https://linkedin.com",
        "label": "LinkedIn"
      }
    ],
    "sections": [
      {
        "title": "Navigation",
        "links": [
          {
            "label": "Accueil",
            "href": "/"
          },
          {
            "label": "Services",
            "href": "#services"
          },
          {
            "label": "À propos",
            "href": "#about"
          },
          {
            "label": "Contact",
            "href": "#contact"
          }
        ]
      },
      {
        "title": "Ressources",
        "links": [
          {
            "label": "FAQ",
            "href": "/faq"
          },
          {
            "label": "Blog",
            "href": "/blog"
          },
          {
            "label": "Documentation",
            "href": "/docs"
          },
          {
            "label": "Support",
            "href": "/support"
          }
        ]
      },
      {
        "title": "Entreprise",
        "links": [
          {
            "label": "Notre histoire",
            "href": "/about"
          },
          {
            "label": "Équipe",
            "href": "/team"
          },
          {
            "label": "Carrières",
            "href": "/careers"
          },
          {
            "label": "Actualités",
            "href": "/news"
          }
        ]
      }
    ],
    "legal": {
      "copyright": "© 2024 Votre Entreprise. Tous droits réservés.",
      "links": [
        {
          "label": "Mentions légales",
          "href": "/mentions-legales"
        },
        {
          "label": "Politique de confidentialité",
          "href": "/politique-confidentialite"
        },
        {
          "label": "Conditions générales",
          "href": "/conditions"
        }
      ]
    }
  }
}
