{
  "meta": {
    "component": "blocks/layout/footer/FooterColumns",
    "section": "shared/footer"
  },
  "data": {
    "brand": {
      "alt": "YACMS",
      "logo": "/yacms-client-template/logo.svg",
      "tagline": "Créez votre présence en ligne facilement et professionnellement."
    },
    "contact": {
      "phone": "+33 1 23 45 67 89",
      "email": "contact@yacms.com",
      "address": "Paris, France"
    },
    "socialLinks": [
      {
        "platform": "twitter",
        "href": "https://twitter.com/yacms"
      },
      {
        "platform": "linkedin",
        "href": "https://linkedin.com/company/yacms"
      },
      {
        "platform": "facebook",
        "href": "https://github.com/zestones/yacms"
      }
    ],
    "linkGroups": [
      {
        "title": "Navigation",
        "links": [
          {
            "text": "Accueil",
            "href": "/"
          },
          {
            "text": "Services",
            "href": "#services"
          },
          {
            "text": "À propos",
            "href": "/about"
          },
          {
            "text": "Contact",
            "href": "/contact"
          }
        ]
      },
      {
        "title": "Ressources",
        "links": [
          {
            "text": "Documentation",
            "href": "/docs"
          },
          {
            "text": "Guide de démarrage",
            "href": "/docs/getting-started"
          },
          {
            "text": "Exemples",
            "href": "/examples"
          },
          {
            "text": "Support",
            "href": "/support"
          }
        ]
      },
      {
        "title": "À propos",
        "links": [
          {
            "text": "Notre vision",
            "href": "/about"
          },
          {
            "text": "Blog",
            "href": "/blog"
          },
          {
            "text": "Changelog",
            "href": "/changelog"
          },
          {
            "text": "Contribuer",
            "href": "/contribute"
          }
        ]
      }
    ],
    "legal": {
      "copyright": "© 2026 YACMS. Tous droits réservés.",
      "links": [
        {
          "text": "Mentions légales",
          "href": "/legal"
        },
        {
          "text": "Politique de confidentialité",
          "href": "/privacy"
        },
        {
          "text": "CGU",
          "href": "/terms"
        }
      ]
    }
  }
}