{
  "meta": {
    "component": "blocks/layout/navigation/PrimaryNavigation",
    "section": "shared/navigation"
  },
  "data": {
    "logo": {
      "text": "YACMS",
      "href": "/",
      "image": "/yacms-client-template/logo.svg"
    },
    "links": [
      {
        "label": "Accueil",
        "href": "/"
      },
      {
        "label": "Services",
        "href": "#services",
        "dropdown": [
          {
            "label": "Design Moderne",
            "href": "#services"
          },
          {
            "label": "Performance",
            "href": "#services"
          },
          {
            "label": "Sécurité",
            "href": "#services"
          }
        ]
      },
      {
        "label": "À propos",
        "href": "/about"
      },
      {
        "label": "Projets",
        "href": "/projects"
      },
      {
        "label": "Contact",
        "href": "/contact"
      }
    ],
    "cta": {
      "text": "Démarrer",
      "href": "/contact"
    }
  }
}