{
  "meta": {
    "component": "blocks/navigation/PrimaryNavigation",
    "section": "home/navigation"
  },
  "data": {
    "logo": {
      "text": "VotreSite",
      "href": "/",
      "image": "/yacms-client-template/logo.png"
    },
    "links": [
      {
        "label": "Hello",
        "href": "/"
      },
      {
        "label": "Services",
        "href": "#services",
        "dropdown": [
          {
            "label": "MARMAM",
            "href": "/services/service-1"
          },
          {
            "label": "Service 2",
            "href": "/services/service-2"
          },
          {
            "label": "Service 3",
            "href": "/services/service-3"
          },
          {
            "label": "Service 4",
            "href": "/services/service-4"
          }
        ]
      },
      {
        "label": "À propos",
        "href": "/about"
      },
      {
        "label": "Projets",
        "href": "/projects"
      },
      {
        "label": "Contact",
        "href": "/contact"
      },
      {
        "label": "CACAOUHETTE",
        "href": "",
        "dropdown": [
          {
            "label": "",
            "href": ""
          }
        ]
      }
    ],
    "cta": {
      "text": "Nous Contacter",
      "href": "/contact"
    }
  }
}