{
    "meta": {
        "component": "blocks/conversion/cta/CTABanner",
        "section": "projects/cta"
    },
    "data": {
        "title": "Votre Projet Est Unique",
        "subtitle": "Créons ensemble votre site web sur mesure",
        "features": [
            "Accompagnement personnalisé",
            "Développement sur mesure",
            "Support continu"
        ],
        "primaryCTA": {
            "text": "Lancer Mon Projet",
            "href": "/contact",
            "variant": "primary"
        },
        "secondaryCTA": {
            "text": "Voir Plus d'Exemples",
            "href": "https://github.com/zestones/yacms",
            "variant": "outline"
        }
    }
}