{
  "meta": {
    "component": "blocks/layout/hero/GlassHeroCentered",
    "section": "home/hero"
  },
  "data": {
    "label": "Professional • Reliable • Innovative",
    "title": "Transforming Ideas Into Reality",
    "subtitle": "Expert solutions and services designed to help your business grow. We deliver quality results that exceed expectations.",
    "backgroundImage": {
      "src": "/images/1162946.jpg",
      "alt": "Hero Background Image"
    },
    "cta": {
      "primary": {
        "text": "Get Started",
        "link": "/about/plomberie"
      },
      "secondary": {
        "text": "(555) 123-4567",
        "link": "tel:+15551234567"
      }
    },
    "features": [
      "Fast turnaround time",
      "Free consultation",
      "Certified professionals",
      "100% satisfaction guarantee"
    ],
    "stats": [
      {
        "value": "10+",
        "label": "years of experience"
      },
      {
        "value": "500+",
        "label": "happy clients"
      },
      {
        "value": "98%",
        "label": "satisfaction rate"
      }
    ]
  }
}