{
  "meta": {
    "component": "blocks/layout/hero/GlassHeroCentered",
    "section": "home/hero"
  },
  "data": {
    "label": "Chauffage • Climatisation • Plomberie",
    "title": "Votre confort à domicile, notre priorité",
    "subtitle": "Installation et dépannage de pompes à chaleur, climatisation et chauffage à Saint-Étienne et dans toute la Loire (42).",
    "backgroundImage": {
      "src": "/images/plomberie.jpg",
      "alt": "Plomberie Image"
    },
    "cta": {
      "primary": {
        "text": "Demander un devis",
        "link": "/devis"
      },
      "secondary": {
        "text": "06 60 59 98 35",
        "link": "tel:+33660599835"
      }
    },
    "features": [
      "Intervention sous 48h garantie",
      "Devis gratuit sans engagement",
      "Artisan certifié RGE",
      "Garantie pièces et main d'œuvre"
    ],
    "stats": [
      {
        "value": "23",
        "label": "ans d'expérience"
      },
      {
        "value": "100+",
        "label": "clients"
      },
      {
        "value": "RGE",
        "label": "certifié"
      }
    ]
  }
}