{
  "meta": {
    "component": "blocks/content/services/ServiceGrid",
    "section": "home/services"
  },
  "data": {
    "title": "How Can We Help You?",
    "subtitle": "Comprehensive solutions designed to meet your business needs. Expert services delivered with quality and professionalism.",
    "badge": "Our Services",
    "services": [
      {
        "icon": "wind",
        "situation": "Need strategic guidance",
        "title": "Consulting Services",
        "benefit": "Expert advice and strategic planning to help your business thrive. Comprehensive analysis and actionable recommendations.",
        "description": "From business strategy to operational optimization, we provide insights that drive growth.",
        "image": "/images/consulting.jpg",
        "features": [
          "Strategic planning",
          "Business analysis",
          "Process optimization",
          "Market research",
          "Growth strategies",
          "ROI-focused solutions"
        ],
        "cta": {
          "text": "Learn More",
          "href": "/services/consulting"
        },
        "badge": "Most Popular",
        "stats": {
          "value": "200+",
          "label": "Projects Completed"
        }
      },
      {
        "icon": "flame",
        "situation": "Need technical solutions",
        "title": "Development Services",
        "benefit": "Custom software development tailored to your unique business requirements. Scalable and maintainable solutions.",
        "description": "Build powerful applications with modern technologies and best practices.",
        "image": "/images/development.jpg",
        "features": [
          "Web applications",
          "Mobile apps",
          "API integration",
          "Database design",
          "Cloud solutions",
          "Ongoing support"
        ],
        "cta": {
          "text": "Learn More",
          "href": "/services/development"
        },
        "badge": "Tech-driven",
        "stats": {
          "value": "99%",
          "label": "Client Satisfaction"
        }
      },
      {
        "icon": "snowflake",
        "situation": "Need creative design",
        "title": "Design Services",
        "benefit": "Beautiful, user-friendly designs that engage your audience and elevate your brand.",
        "description": "Create memorable experiences through thoughtful design and attention to detail.",
        "image": "/images/design.jpg",
        "features": [
          "UI/UX design",
          "Brand identity",
          "Graphic design",
          "Responsive layouts",
          "Design systems",
          "User research"
        ],
        "cta": {
          "text": "Learn More",
          "href": "/services/design"
        },
        "badge": "Creative",
        "stats": {
          "value": "150+",
          "label": "Brands Designed"
        }
      },
      {
        "icon": "droplets",
        "situation": "Need reliable support",
        "title": "Support & Maintenance",
        "benefit": "Keep your systems running smoothly with proactive monitoring and rapid response support.",
        "description": "Peace of mind knowing your technology is in expert hands.",
        "image": "/images/support.jpg",
        "features": [
          "24/7 monitoring",
          "Security updates",
          "Performance optimization",
          "Bug fixes",
          "Technical support",
          "Regular maintenance"
        ],
        "cta": {
          "text": "Learn More",
          "href": "/services/support"
        },
        "badge": "Always Available",
        "stats": {
          "value": "<2hr",
          "label": "Response Time"
        }
      }
    ],
    "cta": {
      "text": "Request a Free Quote",
      "href": "/contact",
      "variant": "primary"
    },
    "layout": "tabs",
    "showStats": true
  }
}