{
  "meta": {
    "component": "blocks/content/services/ServiceGrid",
    "section": "home/services"
  },
  "data": {
    "title": "Comment pouvons-nous vous aider ?",
    "subtitle": "Solutions de chauffage et climatisation à Saint-Étienne, Firminy, Roanne et dans toute la Loire. Intervention sous 48h dans un rayon de 70km.",
    "badge": "Nos expertises",
    "services": [
      {
        "icon": "droplets",
        "situation": "Fuite ou problème d'eau",
        "title": "Plomberie & Sanitaires",
        "benefit": "Intervention rapide pour tous vos problèmes de plomberie dans la Loire. Service d'urgence disponible.",
        "description": "De la simple fuite au remplacement complet de votre installation sanitaire à Saint-Étienne et environs.",
        "image": "/images/plomberie.jpg",
        "features": [
          "Dépannage urgent 24h/24",
          "Détection de fuites sans casse",
          "Installation chauffe-eau",
          "Rénovation salle de bain",
          "Débouchage canalisations",
          "Garantie pièces & main d'œuvre"
        ],
        "cta": {
          "text": "Découvrir",
          "href": "/services/plomberie"
        },
        "badge": "Urgence 24/7",
        "stats": {
          "value": "48h",
          "label": "Délai d'intervention"
        }
      },
      {
        "icon": "flame",
        "situation": "Plus de chauffage ou chauffage inefficace",
        "title": "Chauffage Central",
        "benefit": "Installation, dépannage et entretien de tous types de chaudières et systèmes de chauffage central.",
        "description": "Profitez d'un confort thermique optimal avec nos solutions de chauffage performantes et économiques.",
        "image": "https://www.maisonentravaux.fr/wp-content/uploads/2021/01/devis-pose-chauffage-central.jpg",
        "features": [
          "Chaudières gaz condensation",
          "Chaudières fioul & granulés",
          "Plancher chauffant hydraulique",
          "Installation radiateurs",
          "Entretien annuel obligatoire",
          "Contrat de maintenance"
        ],
        "cta": {
          "text": "Découvrir",
          "href": "/services/chauffage"
        },
        "badge": "RGE QualiPAC",
        "stats": {
          "value": "23 ans",
          "label": "Expérience"
        }
      },
      {
        "icon": "snowflake",
        "situation": "Trop chaud l'été",
        "title": "Climatisation Réversible",
        "benefit": "Climatisez l'été et chauffez l'hiver avec nos solutions 2-en-1 économiques et silencieuses.",
        "description": "Installation de climatiseurs réversibles dernière génération, pour un confort toute l'année.",
        "image": "https://climfactory.com/img/.cms/Article%202.jpeg",
        "features": [
          "Climatisation mono & multi-split",
          "Système gainable invisible",
          "Technologie Inverter économique",
          "Installation certifiée F-GAS",
          "Filtres purificateurs d'air",
          "Garantie fabricant 5 ans"
        ],
        "href": "/services/climatisation",
        "badge": "Éco-responsable",
        "stats": {
          "value": "-65%",
          "label": "Consommation vs chauffage électrique"
        }
      },
      {
        "icon": "thermometer",
        "situation": "Réduire ma consommation d'énergie",
        "title": "Pompe à Chaleur",
        "benefit": "Économisez jusqu'à 75% sur vos factures de chauffage avec une pompe à chaleur dernière génération.",
        "description": "Solution de chauffage écologique et économique. Éligible aux aides MaPrimeRénov' et CEE.",
        "image": "https://bo.calculeo.fr/sites/default/files/styles/web_p/public/2022-01/PAC_TopPage.jpg.webp",
        "features": [
          "PAC air/eau haute température",
          "PAC air/air réversible",
          "Géothermie & aquathermie",
          "Aides financières incluses",
          "ROI en 5-7 ans",
          "Maintenance préventive"
        ],
        "cta": {
          "text": "Découvrir",
          "href": "/services/chauffage"
        },
        "badge": "★ Populaire",
        "stats": {
          "value": "-70%",
          "label": "Économies d'énergie"
        }
      },
      {
        "icon": "wind",
        "situation": "Air intérieur mal ventilé",
        "title": "VMC & Ventilation",
        "benefit": "Assainissez votre air intérieur et éliminez humidité et polluants avec nos systèmes de ventilation.",
        "description": "Une bonne ventilation est essentielle pour votre santé et la durabilité de votre logement.",
        "image": "https://images.unsplash.com/photo-1558618666-fcd25c85cd64?w=800",
        "features": [
          "VMC simple flux autoréglable",
          "VMC double flux avec récupération",
          "Ventilation hygro-réglable",
          "Entretien & nettoyage VMC",
          "Traitement anti-humidité",
          "Conformité RT 2020"
        ],
        "cta": {
          "text": "Découvrir",
          "href": "/services/ventilation"
        },
        "stats": {
          "value": "90%",
          "label": "Récupération chaleur"
        }
      },
      {
        "icon": "zap",
        "situation": "Problème électrique ou mise aux normes",
        "title": "Électricité Générale",
        "benefit": "Mise en conformité, rénovation électrique et dépannage par des électriciens qualifiés.",
        "description": "Sécurisez votre installation électrique et bénéficiez d'un diagnostic complet gratuit.",
        "image": "https://images.unsplash.com/photo-1621905251189-08b45d6a269e?w=800",
        "features": [
          "Mise aux normes NF C 15-100",
          "Remplacement tableau électrique",
          "Installation borne recharge VE",
          "Dépannage électrique 24/7",
          "Diagnostic électrique gratuit",
          "Certification Qualifelec"
        ],
        "cta": {
          "text": "Découvrir",
          "href": "/services/electricite"
        },
        "badge": "Certifié",
        "stats": {
          "value": "24h/24",
          "label": "Dépannage urgent"
        },
        "pricing": {
          "startingAt": "75€",
          "unit": "dépannage"
        }
      }
    ],
    "cta": {
      "text": "Demander un devis gratuit",
      "href": "/contact",
      "variant": "primary"
    },
    "layout": "tabs",
    "showStats": true
  }
}