{
  "meta": {
    "component": "blocks/layout/hero/Hero03",
    "section": "home/hero"
  },
  "data": {
    "title": "Créez Votre Site Professionnel",
    "titleHighlight": "Avec YACMS",
    "description": "Une plateforme moderne et intuitive pour gérer votre contenu en ligne. Déployez rapidement votre site vitrine avec des composants prêts à l'emploi.",
    "primaryButton": {
      "label": "Commencer Maintenant",
      "variant": "default",
      "href": "#services"
    },
    "secondaryButton": {
      "label": "En Savoir Plus",
      "variant": "outline",
      "href": "#value-proposition"
    },
    "logos": [
      {
        "src": "/yacms-client-template/images/logo-1.svg",
        "alt": "Client 1"
      },
      {
        "src": "/yacms-client-template/images/logo-2.svg",
        "alt": "Client 2"
      },
      {
        "src": "/yacms-client-template/images/logo-3.svg",
        "alt": "Client 3"
      },
      {
        "src": "/yacms-client-template/images/logo-4.svg",
        "alt": "Client 4"
      }
    ],
    "heroImage": {
      "src": "/yacms-client-template/images/hero-dashboard.jpg",
      "alt": "Interface YACMS"
    }
  }
}