{
  "meta": {
    "component": "blocks/hero/Hero03",
    "section": "home/hero"
  },
  "data": {
    "title": "Hello gh,g,g,h",
    "titleHighlight": "MMMMMH testnfgnfgnfgnfgn",
    "description": "ZESTONES - Une descrfgnfgnfgnfgniption claire et inspirante pour présenter votre projet, votre entreprise ou votre service, mettant en avant vocfbbfcbcfgnfgntre identité et votre proposition de valeur.gf,ng,gh,",
    "primaryButton": {
      "label": "Test",
      "variant": "destructive",
      "href": "/start"
    },
    "secondaryButton": {
      "label": "En savoir plusdfbdfbdfb",
      "variant": "destructive",
      "href": "/contact"
    },
    "logos": [
      {
        "src": "/images/steam.jpg",
        "alt": "logo 1"
      },
      {
        "src": "/images/ss.png",
        "alt": "logo 2"
      },
      {
        "src": "/images/wallpaperflare.com_wallpaper (1).jpg",
        "alt": "logo 3"
      },
      {
        "src": "/images/vinland.png",
        "alt": "logo 4"
      },
      {
        "src": "/images/wallpapersden.com_mushoku-tensei-jobless-reincarnation-family_1920x1080.jpg"
      },
      {
        "src": "",
        "alt": ""
      }
    ],
    "heroImage": {
      "src": "/images/1162946.jpg",
      "alt": "Hero image"
    }
  }
}