{
  "meta": {
    "title": "YACMS - Votre Plateforme de Gestion de Contenu",
    "description": "Créez et gérez facilement votre présence en ligne avec YACMS, une solution moderne et performante pour votre site vitrine.",
    "keywords": [
      "site vitrine",
      "services",
      "entreprise",
      "professionnel",
      "modèle",
      "yacms",
      "gestion de contenu"
    ],
    "author": "zestones",
    "canonical": "https://zestones.github.io/yacms-client-template/",
    "locale": "fr_FR",
    "robots": "index, follow",
    "og": {
      "type": "website",
      "image": "/images/og-default.jpg",
      "imageAlt": "Aperçu du modèle de site YACMS"
    }
  },
  "theme": "dark",
  "blocks": [
    "../_shared/navigation.json",
    "./hero.json",
    "./services.json",
    "./value-proposition.json",
    "./user-context.json",
    "./cta-banner.json",
    "../_shared/footer.json"
  ]
}