{
  "meta": {
    "title": "Accueil - Site Modèle YACMS",
    "description": "Un modèle de site moderne, rapide et optimisé pour mettre en valeur votre activité. Structure flexible, personnalisation complète et performances maximales.",
    "keywords": [
      "site vitrine",
      "services",
      "entreprise",
      "professionnel",
      "modèle",
      "yacms"
    ],
    "author": "YACMS Template",
    "canonical": "https://zestones.github.io/yacms-client-template/",
    "locale": "fr_FR",
    "robots": "index, follow",
    "og": {
      "type": "website",
      "image": "/images/og-default.jpg",
      "imageAlt": "Aperçu du modèle de site YACMS"
    }
  },
  "theme": "dark",
  "blocks": [
    "../_shared/navigation.json",
    "./hero.json",
    "./primary-c-t-a.json"
  ]
}