{
  "meta": {
    "title": "Yacms",
    "description": "cacaouette",
    "keywords": [
      "site vitrine",
      "services",
      "entreprise",
      "bbfdfbdfbprofessionnel",
      "modèle",
      "yacms"
    ],
    "author": "zestones",
    "canonical": "https://zestones.github.io/yacms-client-template/",
    "locale": "fr_FR",
    "robots": "index, follow",
    "og": {
      "type": "website",
      "image": "/images/og-default.jpg",
      "imageAlt": "Aperçu du modèle de site YACMS"
    }
  },
  "theme": "dark",
  "blocks": [
    "./hero.json",
    "../_shared/navigation.json",
    "./simple-stats.json",
    "./primary-c-t-a.json"
  ]
}