{
    "meta": {
        "component": "blocks/content/services/ServiceGrid",
        "section": "home/services"
    },
    "data": {
        "title": "Nos Services",
        "subtitle": "Des solutions complètes pour votre présence en ligne",
        "services": [
            {
                "icon": "flame",
                "situation": "Vous avez besoin d'un site moderne et professionnel",
                "title": "Design Moderne",
                "benefit": "Des composants UI élégants et responsives pour créer une expérience utilisateur exceptionnelle",
                "image": "/yacms-client-template/images/service-design.jpg",
                "features": [
                    "Composants réutilisables",
                    "Design responsive",
                    "Personnalisation facile"
                ]
            },
            {
                "icon": "zap",
                "situation": "Votre site doit être rapide et performant",
                "title": "Performance Optimisée",
                "benefit": "Une architecture performante basée sur Astro pour des temps de chargement ultra-rapides",
                "image": "/yacms-client-template/images/service-performance.jpg",
                "features": [
                    "Chargement rapide",
                    "SEO optimisé",
                    "Score Lighthouse élevé"
                ]
            },
            {
                "icon": "snowflake",
                "situation": "La sécurité de vos données est une priorité",
                "title": "Sécurité Renforcée",
                "benefit": "Protection de vos données avec une architecture moderne et des pratiques de sécurité éprouvées",
                "image": "/yacms-client-template/images/service-security.jpg",
                "features": [
                    "HTTPS par défaut",
                    "Authentification sécurisée",
                    "Protection des données"
                ]
            }
        ]
    }
}