{
  "meta": {
    "component": "blocks/layout/hero/AboutHero",
    "section": "about/about-hero"
  },
  "data": {
    "eyebrow": "A Propos",
    "title": "Votre Expert Depuis 23 ans",
    "subtitle": "Une entreprise familliale au service de votre confort",
    "backgroundImage": {
      "src": "/images/tanjiro-kamado-3840x2160-23027.jpg",
      "alt": ""
    },
    "breadcrumb": [
      {
        "label": "Accueil",
        "link": ""
      },
      {
        "label": "About",
        "link": ""
      }
    ],
    "stats": [
      {
        "value": "RGE",
        "label": "Certifié"
      },
      {
        "value": "23",
        "label": "Ans d'experience"
      },
      {
        "value": "23",
        "label": "Ans D'Experience"
      }
    ],
    "cta": {
      "primary": {
        "text": "Decouvir Notre Histoire",
        "link": "/about"
      },
      "secondary": {
        "text": "Voir la vidéo",
        "link": ""
      }
    },
    "statsCard": {
      "title": "Thermosolis en chiffres",
      "subtitle": "Nos engagements qualité",
      "stats": [
        {
          "value": "23 ",
          "label": "ans d'expérience"
        },
        {
          "value": "100+ ",
          "label": "Clients Satisfaits"
        },
        {
          "value": "RGE ",
          "label": "Certifié"
        }
      ],
      "ctaText": "Voir Nos Certifications",
      "ctaLink": "/about"
    },
    "scrollText": "Decouvrez Nous"
  }
}