{
  "meta": {
    "component": "blocks/conversion/cta/CTABanner",
    "section": "about/cta"
  },
  "data": {
    "title": "Rejoignez-Nous",
    "subtitle": "Faites partie de la communauté YACMS",
    "features": [
      "Accès à tous les composants",
      "Mises à jour régulières",
      "Documentation complète"
    ],
    "primaryCTA": {
      "text": "Commencer Gratuitement",
      "href": "/contact",
      "variant": "primary"
    },
    "secondaryCTA": {
      "text": "Explorer GitHub",
      "href": "https://github.com/zestones/yacms",
      "variant": "outline"
    }
  }
}