{
  "meta": {
    "component": "blocks/layout/hero/Hero002",
    "section": "landingpage/hero002"
  },
  "data": {
    "badge": "Depuis 2002",
    "title": "Votre artisan de confiance",
    "titleHighlight": "a Saint Etienne",
    "subtitle": "Découvrez qui nous sommes",
    "backgroundImage": {
      "src": "/images/gro.jpg",
      "alt": ""
    },
    "cta": {
      "primary": {
        "text": "Notre  Histoire",
        "link": ""
      },
      "secondary": {
        "text": "Notre équipe",
        "link": ""
      }
    }
  }
}