{
  "meta": {
    "component": "blocks/social-proof/portfolio/PortfolioGrid001",
    "section": "landingpage/portfolio-grid001"
  },
  "data": {
    "badge": "Nos réalisations",
    "title": "Des projets qui parlent d'eux-mêmes",
    "subtitle": "Découvrez quelques-uns des sites que nous avons créés. Chaque projet est unique, optimisé pour la performance et le SEO.",
    "stats": [
      {
        "value": "50+",
        "label": "Projets livrés"
      },
      {
        "value": "98",
        "label": "Score moyen"
      },
      {
        "value": "100%",
        "label": "Clients satisfaits"
      }
    ],
    "projects": [
      {
        "title": "Restaurant Le Gourmet",
        "description": "Site vitrine élégant pour un restaurant gastronomique parisien. Réservation en ligne, menu interactif et galerie photos.",
        "image": {
          "src": "/images/vinland.png",
          "alt": "Aperçu du site Restaurant Le Gourmet"
        },
        "category": "Restaurant",
        "tags": [
          "Réservation",
          "Menu digital",
          "SEO Local"
        ],
        "metrics": {
          "performance": 99,
          "label": "Performance"
        },
        "link": {
          "url": "https://legourmet.example.com",
          "label": "Voir le site"
        },
        "featured": true
      },
      {
        "title": "Cabinet Avocat Martin",
        "description": "Présence en ligne professionnelle pour un cabinet d'avocats. Formulaire de contact sécurisé et blog juridique.",
        "image": {
          "src": "/images/banner.png",
          "alt": "Aperçu du site Cabinet Avocat Martin"
        },
        "category": "Juridique",
        "tags": [
          "Contact sécurisé",
          "Blog",
          "Accessibilité"
        ],
        "metrics": {
          "performance": 97,
          "label": "Performance"
        },
        "link": {
          "url": "https://avocat-martin.example.com",
          "label": "Voir le site"
        },
        "featured": true
      },
      {
        "title": "Yoga Studio Zen",
        "description": "Site apaisant pour un studio de yoga avec planning des cours et réservation en ligne.",
        "image": {
          "src": "/images/wallpapersden.com_mushoku-tensei-jobless-reincarnation-family_1920x1080.jpg",
          "alt": "Aperçu du site Yoga Studio Zen"
        },
        "category": "Bien-être",
        "tags": [
          "Planning",
          "Réservation"
        ],
        "metrics": {
          "performance": 98,
          "label": "Performance"
        },
        "link": {
          "url": "https://yoga-zen.example.com",
          "label": "Voir le site"
        },
        "featured": false
      },
      {
        "title": "Plombier Express",
        "description": "Site vitrine efficace pour un artisan plombier. Focus sur le SEO local et les appels directs.",
        "image": {
          "src": "/images/panneaux-solaires-toit-cellule-photovoltaique.avif",
          "alt": "Aperçu du site Plombier Express"
        },
        "category": "Artisan",
        "tags": [
          "SEO Local",
          "Click-to-call"
        ],
        "metrics": {
          "performance": 100,
          "label": "Performance"
        },
        "link": {
          "url": "https://plombier-express.example.com",
          "label": "Voir le site"
        },
        "featured": false
      },
      {
        "title": "Architecte Dubois",
        "description": "Portfolio élégant mettant en valeur les réalisations d'un cabinet d'architecture.",
        "image": {
          "src": "/images/photo-1591604129939-f1efa4d9f7fa.jpg",
          "alt": "Aperçu du site Architecte Dubois"
        },
        "category": "Architecture",
        "tags": [
          "Portfolio",
          "Galerie"
        ],
        "metrics": {
          "performance": 96,
          "label": "Performance"
        },
        "link": {
          "url": "https://archi-dubois.example.com",
          "label": "Voir le site"
        },
        "featured": false
      }
    ],
    "cta": {
      "text": "Voir tous nos projets",
      "link": "/portfolio"
    }
  }
}