{
  "meta": {
    "component": "blocks/content/problem-solution/ProblemSolution001",
    "section": "landingpage/problem-solution001"
  },
  "data": {
    "badge": "Pourquoi nous choisir",
    "problem": {
      "title": "Sans Zestones",
      "subtitle": "Les galères du web classique",
      "items": [
        {
          "title": "Site Lents",
          "description": "Des temps de chargement qui font fuir vos visiteurs"
        },
        {
          "title": "Peu de visibilité",
          "description": "Des recherche inefficace, du au manque de referencement "
        },
        {
          "title": "Site visuellement degarni",
          "description": "Des visuel peu attrayant et laid un style desastreux"
        }
      ]
    },
    "solution": {
      "title": "Avec Zestones",
      "subtitle": "La tranquilité d'esprit",
      "items": [
        {
          "title": "Ultra rapide",
          "description": "Score de performance 95+ garanti"
        },
        {
          "title": "Visibilité accru",
          "description": "Des recherche efficace avec un referencement ultra efficace"
        },
        {
          "title": "Visuel innovant",
          "description": "Des visuel très attrayant et bogoss un style ultra epuré"
        }
      ]
    },
    "cta": {
      "text": "Passer à Zestones",
      "link": ""
    }
  }
}