{
  "meta": {
    "component": "blocks/conversion/contact/Contact01",
    "section": "contact-us/contact01"
  },
  "data": {
    "formTitle": "Formulaire de contact",
    "infoTitle": "Get in Touch",
    "infoDescription": "You need more information? Check what other persons are saying about our product. They are very happy with their purchase.",
    "contactOptions": [
      {
        "icon": "phone",
        "info": "+1(424) 535 3523"
      },
      {
        "icon": "mail",
        "info": "hello@mail.com"
      },
      {
        "icon": "ticket",
        "info": "Open Support Ticket"
      }
    ],
    "formPlaceholders": {
      "firstName": "caca",
      "lastName": "bouda",
      "email": "crepu@gmail.com",
      "message": "Saleté de malogusto"
    }
  }
}